{
  "Affogato": {
    "0": 0.9551184525103238,
    "1": 0.8166830440004367,
    "2": 1.1025221094005895,
    "3": 0.9754401217126711,
    "4": 0.772223429689198,
    "5": 1.1989784829384915,
    "6": 1.1786568137361442
  },
  "Air Mineral": {
    "0": 1.155553259014295,
    "1": 1.0641326855686524,
    "2": 0.9213882814166845,
    "3": 0.9722937113292084,
    "4": 0.7788530776616173,
    "5": 1.1250100010667805,
    "6": 0.9824747973117133
  },
  "Anindita Honey Butter": {
    "0": 1.1604938271604939,
    "1": 0.7978395061728395,
    "2": 0.6025641025641026,
    "3": 0.8703703703703703,
    "4": 0.9429012345679012,
    "5": 1.5231481481481484,
    "6": 1.087962962962963
  },
  "Arunika": {
    "0": 0.8451885305671207,
    "1": 0.857349516618446,
    "2": 1.1116571955152819,
    "3": 1.0017130772775067,
    "4": 0.8245808867833135,
    "5": 1.3073060005174888,
    "6": 1.051925293439654
  },
  "Basreng": {
    "0": 0.9668679354154001,
    "1": 1.0094847039185584,
    "2": 0.9953233060138041,
    "3": 0.9525137014540705,
    "4": 0.8882992946144703,
    "5": 1.0787369527361903,
    "6": 1.1080359810821114
  },
  "Black": {
    "0": 1.0308710033076074,
    "1": 0.8705132916819797,
    "2": 0.959503010770927,
    "3": 1.0308710033076074,
    "4": 0.9239658622238557,
    "5": 1.0843235738494834,
    "6": 1.099595736861448
  },
  "Candana Vanilla": {
    "0": 1.5017757483510907,
    "1": 0.6570268899036021,
    "2": 0.779768177028451,
    "3": 0.8285036880927291,
    "4": 0.6335616438356164,
    "5": 1.2183877766069546,
    "6": 1.3609842719431762
  },
  "Cappucino": {
    "0": 0.8775359471988685,
    "1": 0.9132081401744323,
    "2": 1.0273591576962364,
    "3": 0.891804824389094,
    "4": 0.8964017564735739,
    "5": 1.176079104493329,
    "6": 1.2191063888040605
  },
  "Cireng": {
    "0": 0.9080301990391215,
    "1": 0.8792038435140701,
    "2": 0.8984214138641043,
    "3": 0.8888126286890873,
    "4": 1.052161976664379,
    "5": 1.2779684282772823,
    "6": 1.095401509951956
  },
  "Donat": {
    "0": 1.0078226857887873,
    "1": 1.0501681767883164,
    "2": 0.9188201628879594,
    "3": 0.7622188379915199,
    "4": 0.9570080965893527,
    "5": 1.1687355515869973,
    "6": 1.134859158787374
  },
  "Espresso": {
    "0": 0.9042246864524712,
    "1": 0.9042246864524712,
    "2": 1.1523650430807104,
    "3": 1.0981360998769123,
    "4": 0.786319676455073,
    "5": 1.0981360998769123,
    "6": 1.0574643924740637
  },
  "Kinasih": {
    "0": 0.9760994147786599,
    "1": 0.9384364148515092,
    "2": 0.9458355185325219,
    "3": 0.9395299484089717,
    "4": 0.9868217243355978,
    "5": 1.1989388310143025,
    "6": 1.0137624147058109
  },
  "Kirana": {
    "0": 1.0780160430244747,
    "1": 0.8011485347067134,
    "2": 0.9172052528366386,
    "3": 0.8935354398602092,
    "4": 0.9172052528366386,
    "5": 1.1722688118134998,
    "6": 1.2193951962080125
  },
  "Kirana Strawberry": {
    "0": 1.222879684418146,
    "1": 0.611439842209073,
    "2": 0.5502958579881657,
    "3": 0.647673314339981,
    "4": 1.0009496676163343,
    "5": 1.4719848053181386,
    "6": 1.4719848053181386
  },
  "Kopi Susu Bersemi": {
    "0": 1.0017383283666808,
    "1": 1.1078827870015608,
    "2": 1.0195991747715887,
    "3": 0.8887046861184792,
    "4": 0.8027174684262808,
    "5": 1.0747126436781609,
    "6": 1.1012487583368809
  },
  "Kopi Susu Husgendam": {
    "0": 0.982785019656528,
    "1": 0.9673080902131181,
    "2": 0.964331757627847,
    "3": 0.827718091963902,
    "4": 0.7738464721704945,
    "5": 1.1530312435340369,
    "6": 1.3232774674115455
  },
  "Lemon Tea": {
    "0": 1.0541842263696568,
    "1": 1.136062612883805,
    "2": 1.0818181818181818,
    "3": 0.989090909090909,
    "4": 0.8139393939393939,
    "5": 0.9825406381697772,
    "6": 0.9416014449127031
  },
  "Lychee Tea": {
    "0": 1.086448598130841,
    "1": 1.0220664589823467,
    "2": 1.2201653486700215,
    "3": 1.0530194104960457,
    "4": 0.7187275341480948,
    "5": 1.0301142263759084,
    "6": 0.8691588785046729
  },
  "Magic": {
    "0": 0.8030513176144244,
    "1": 1.0707350901525658,
    "2": 0.6939949658396259,
    "3": 0.7633944624235885,
    "4": 0.9715929521754764,
    "5": 1.4053398058252426,
    "6": 1.271497919556172
  },
  "Matcha": {
    "0": 1.0969030969030968,
    "1": 1.0416065416065416,
    "2": 0.975024975024975,
    "3": 0.7007992007992008,
    "4": 0.716033966033966,
    "5": 1.0359640359640359,
    "6": 1.432067932067932
  },
  "Mewangi Milk Tea": {
    "0": 0.9558745348219034,
    "1": 0.9558745348219034,
    "2": 0.9241810820758191,
    "3": 0.9755244755244757,
    "4": 0.9412955465587045,
    "5": 1.186602870813397,
    "6": 1.0547581073896863
  },
  "Mie Goreng": {
    "0": 1.008097165991903,
    "1": 0.951417004048583,
    "2": 1.05668016194332,
    "3": 0.8987854251012145,
    "4": 0.8623481781376519,
    "5": 1.1376518218623481,
    "6": 1.0850202429149796
  },
  "Mie Rebus": {
    "0": 0.7664379405312048,
    "1": 0.8532044998366243,
    "2": 0.9151712657960753,
    "3": 1.0459100180526575,
    "4": 0.8570651536820388,
    "5": 1.3001242585515673,
    "6": 1.2638079384802945
  },
  "Nasi Gila": {
    "0": 1.096744326118437,
    "1": 0.8684627016774955,
    "2": 1.0119751807058308,
    "3": 1.051855976004583,
    "4": 0.7776755083256632,
    "5": 1.096721870715679,
    "6": 1.096721870715679
  },
  "Nasi Goreng Jawa": {
    "0": 0.8877301565743777,
    "1": 1.0181311965231563,
    "2": 0.9925094119596042,
    "3": 1.0630430757536877,
    "4": 0.8816707974260443,
    "5": 1.1786247841524224,
    "6": 0.9780077996158398
  },
  "Nasi Goreng Kunyit": {
    "0": 0.9032258064516128,
    "1": 1.5806451612903225,
    "2": 0.9032258064516128,
    "3": 1.129032258064516,
    "4": 0.9784946236559139,
    "5": 1.053763440860215,
    "6": 0.4516129032258064
  },
  "Nirmala": {
    "0": 0.8613756613756614,
    "1": 1.0571428571428572,
    "2": 0.9351648351648352,
    "3": 0.8131868131868132,
    "4": 0.7928571428571428,
    "5": 1.3417582417582417,
    "6": 1.194179894179894
  },
  "Singkong Keju": {
    "0": 1.1213384139080733,
    "1": 0.856330014224751,
    "2": 0.8832460109549892,
    "3": 0.9830912121933794,
    "4": 0.9139676113360323,
    "5": 1.297987616099071,
    "6": 0.9446892117170754
  },
  "Tahu Tuna": {
    "0": 1.0218321648185902,
    "1": 1.032101834816767,
    "2": 0.9088657948386455,
    "3": 0.8472477748495848,
    "4": 0.8677871148459383,
    "5": 1.1654687654687654,
    "6": 1.1552453552453552
  },
  "Taro": {
    "0": 0.8141592920353983,
    "1": 1.0646698434309054,
    "2": 0.43839346494213755,
    "3": 0.9394145677331518,
    "4": 0.8141592920353983,
    "5": 1.6886266797771223,
    "6": 1.2061619141265159
  },
  "Tempe Mendoan": {
    "0": 0.9056002682763246,
    "1": 1.0551808503603781,
    "2": 0.7821093226022804,
    "3": 0.9714621059691482,
    "4": 0.8726693494299128,
    "5": 1.309004024144869,
    "6": 1.1031857813547954
  },
  "Tubruk": {
    "0": 1.064948890937421,
    "1": 1.0438607940871751,
    "2": 0.9236013892891435,
    "3": 1.0231639243730648,
    "4": 0.8007369842919637,
    "5": 1.2041303301490445,
    "6": 0.9384203098359453
  },
  "V60": {
    "0": 1.0265811182401465,
    "1": 0.9752520623281393,
    "2": 0.7506874427131072,
    "3": 1.0971585701191566,
    "4": 1.0265811182401465,
    "5": 1.161319890009166,
    "6": 0.9624197983501375
  },
  "Vietnam Drip": {
    "0": 0.996855793775129,
    "1": 1.0195116072700183,
    "2": 0.881885228913055,
    "3": 0.9359362590722423,
    "4": 0.9302466769502227,
    "5": 1.2375738121583277,
    "6": 0.996855793775129
  },
  "Virya Choco Banana": {
    "0": 0.6783819628647215,
    "1": 0.8017241379310345,
    "2": 1.356763925729443,
    "3": 0.8314176245210727,
    "4": 0.7720306513409961,
    "5": 1.3659003831417624,
    "6": 1.1877394636015326
  }
}