{
  "Air Mineral": {
    "0": 0.9013861418641106,
    "1": 1.114617272197556,
    "2": 0.9457516016115184,
    "3": 1.0920018492834027,
    "4": 0.6590780392124679,
    "5": 1.2406174855764103,
    "6": 1.046771003455096
  },
  "Air mineral": {
    "0": 1.43206106870229,
    "1": 1.015267175572519,
    "2": 0.8977099236641222,
    "3": 0.8442748091603053,
    "4": 0.9083969465648855,
    "5": 0.9938931297709923,
    "6": 0.9083969465648855
  },
  "Anindita Honey Butter": {
    "0": 1.1604938271604939,
    "1": 0.7978395061728395,
    "2": 0.6025641025641026,
    "3": 0.8703703703703703,
    "4": 0.9429012345679012,
    "5": 1.5231481481481484,
    "6": 1.087962962962963
  },
  "Arunika": {
    "0": 0.8451885305671207,
    "1": 0.857349516618446,
    "2": 1.1116571955152819,
    "3": 1.0017130772775067,
    "4": 0.8245808867833135,
    "5": 1.3073060005174888,
    "6": 1.051925293439654
  },
  "Basreng": {
    "0": 0.9668679354154001,
    "1": 1.0094847039185584,
    "2": 0.9953233060138041,
    "3": 0.9525137014540705,
    "4": 0.8882992946144703,
    "5": 1.0787369527361903,
    "6": 1.1080359810821114
  },
  "Black Hot": {
    "0": 1.0726190275979213,
    "1": 0.7531154874623703,
    "2": 0.8831872469550076,
    "3": 0.8444022132153848,
    "4": 0.9242780982492727,
    "5": 1.47199845276736,
    "6": 1.0497973461596677
  },
  "Black Ice": {
    "0": 0.9203537155202732,
    "1": 0.9569847091728214,
    "2": 1.0614344366093922,
    "3": 1.0295458483850757,
    "4": 0.952405834966253,
    "5": 1.0989298095764457,
    "6": 0.9798790802056642
  },
  "Candana Vanilla": {
    "0": 1.5017757483510907,
    "1": 0.6570268899036021,
    "2": 0.779768177028451,
    "3": 0.8285036880927291,
    "4": 0.6335616438356164,
    "5": 1.2183877766069546,
    "6": 1.3609842719431762
  },
  "Cappucino Hot": {
    "0": 1.2545644235785078,
    "1": 0.8926708398539385,
    "2": 0.8768959913326111,
    "3": 0.7766793066088841,
    "4": 0.9019501625135428,
    "5": 1.1775460455037918,
    "6": 1.1098069900886802
  },
  "Cappucino Ice": {
    "0": 0.8833548017747245,
    "1": 0.9343175788001894,
    "2": 0.8361756248617562,
    "3": 0.972694094226941,
    "4": 0.7508515815085159,
    "5": 1.4163791196637912,
    "6": 1.2061190562693356
  },
  "Cireng": {
    "0": 0.9080301990391215,
    "1": 0.8792038435140701,
    "2": 0.8984214138641043,
    "3": 0.8888126286890873,
    "4": 1.052161976664379,
    "5": 1.2779684282772823,
    "6": 1.095401509951956
  },
  "Donat": {
    "0": 1.0078226857887873,
    "1": 1.0501681767883164,
    "2": 0.9188201628879594,
    "3": 0.7622188379915199,
    "4": 0.9570080965893527,
    "5": 1.1687355515869973,
    "6": 1.134859158787374
  },
  "Espresso": {
    "0": 0.9042246864524712,
    "1": 0.9042246864524712,
    "2": 1.1523650430807104,
    "3": 1.0981360998769123,
    "4": 0.786319676455073,
    "5": 1.0981360998769123,
    "6": 1.0574643924740637
  },
  "Kasmaran": {
    "0": 0.9393939393939393,
    "1": 0.9393939393939393,
    "2": 0.840034965034965,
    "3": 0.7858391608391608,
    "4": 1.083916083916084,
    "5": 1.2264309764309764,
    "6": 1.1742424242424243
  },
  "Kenang": {
    "0": 1.0538904899135446,
    "1": 0.9743515850144092,
    "2": 1.090231541289874,
    "3": 1.131372354168737,
    "4": 0.7611050382589686,
    "5": 0.9743515850144092,
    "6": 1.014121037463977
  },
  "Kinasih": {
    "0": 0.9760994147786599,
    "1": 0.9384364148515092,
    "2": 0.9458355185325219,
    "3": 0.9395299484089717,
    "4": 0.9868217243355978,
    "5": 1.1989388310143025,
    "6": 1.0137624147058109
  },
  "Kirana": {
    "0": 1.0780160430244747,
    "1": 0.8011485347067134,
    "2": 0.9172052528366386,
    "3": 0.8935354398602092,
    "4": 0.9172052528366386,
    "5": 1.1722688118134998,
    "6": 1.2193951962080125
  },
  "Kirana Strawberry": {
    "0": 1.222879684418146,
    "1": 0.611439842209073,
    "2": 0.5502958579881657,
    "3": 0.647673314339981,
    "4": 1.0009496676163343,
    "5": 1.4719848053181386,
    "6": 1.4719848053181386
  },
  "Latte Hot": {
    "0": 1.0422054966358765,
    "1": 0.8655604972060668,
    "2": 0.7984993413139355,
    "3": 0.8872214903488173,
    "4": 1.029176928804628,
    "5": 1.3130878057162494,
    "6": 1.0646657884185806
  },
  "Latte Ice": {
    "0": 0.9393150105708247,
    "1": 1.040862579281184,
    "2": 0.9181988105352592,
    "3": 0.7906711979609176,
    "4": 0.7651656754460493,
    "5": 1.3262871707731523,
    "6": 1.218570824524313
  },
  "Lychee Tea Hot": {
    "0": 0.9604508464920047,
    "1": 0.8351746491234824,
    "2": 0.9762718095617409,
    "3": 0.9970435501907141,
    "4": 0.9658859392472543,
    "5": 1.2151468267949326,
    "6": 1.048972901763147
  },
  "Lychee Tea Ice": {
    "0": 1.102302739277529,
    "1": 0.9281239768634727,
    "2": 1.0276546982429335,
    "3": 0.9153763883175647,
    "4": 0.9003702180172768,
    "5": 1.070440148087207,
    "6": 1.0554339777869188
  },
  "Magic": {
    "0": 0.8030513176144244,
    "1": 1.0707350901525658,
    "2": 0.6939949658396259,
    "3": 0.7633944624235885,
    "4": 0.9715929521754764,
    "5": 1.4053398058252426,
    "6": 1.271497919556172
  },
  "Matcha Hot": {
    "0": 0.9070587779256523,
    "1": 0.8198415877404933,
    "2": 0.7539744389027432,
    "3": 0.9070587779256523,
    "4": 1.0814931582959697,
    "5": 1.3257012908144148,
    "6": 1.2035972245551922
  },
  "Matcha Ice": {
    "0": 0.8489683166084113,
    "1": 0.8489683166084113,
    "2": 0.8746946292329086,
    "3": 0.8791802427161542,
    "4": 0.8145346366340842,
    "5": 1.5902819096189262,
    "6": 1.1448209117901305
  },
  "Mie Goreng": {
    "0": 1.008097165991903,
    "1": 0.951417004048583,
    "2": 1.05668016194332,
    "3": 0.8987854251012145,
    "4": 0.8623481781376519,
    "5": 1.1376518218623481,
    "6": 1.0850202429149796
  },
  "Mie Rebus": {
    "0": 0.7664379405312048,
    "1": 0.8532044998366243,
    "2": 0.9151712657960753,
    "3": 1.0459100180526575,
    "4": 0.8570651536820388,
    "5": 1.3001242585515673,
    "6": 1.2638079384802945
  },
  "Nasi Gila": {
    "0": 1.096744326118437,
    "1": 0.8684627016774955,
    "2": 1.0119751807058308,
    "3": 1.051855976004583,
    "4": 0.7776755083256632,
    "5": 1.096721870715679,
    "6": 1.096721870715679
  },
  "Nasi Goreng Jawa": {
    "0": 0.8877301565743777,
    "1": 1.0181311965231563,
    "2": 0.9925094119596042,
    "3": 1.0630430757536877,
    "4": 0.8816707974260443,
    "5": 1.1786247841524224,
    "6": 0.9780077996158398
  },
  "Nasi Goreng Kunyit": {
    "0": 0.9032258064516128,
    "1": 1.5806451612903225,
    "2": 0.9032258064516128,
    "3": 1.129032258064516,
    "4": 0.9784946236559139,
    "5": 1.053763440860215,
    "6": 0.4516129032258064
  },
  "Nirmala Hot": {
    "0": 0.9052323008849558,
    "1": 0.818429203539823,
    "2": 0.8556305309734513,
    "3": 0.9920353982300885,
    "4": 0.9672345132743363,
    "5": 1.2569889517946462,
    "6": 1.202842920353982
  },
  "Nirmala Ice": {
    "0": 1.083989501312336,
    "1": 1.047244094488189,
    "2": 0.7900262467191601,
    "3": 0.9002624671916011,
    "4": 0.7900262467191601,
    "5": 1.047244094488189,
    "6": 1.3412073490813647
  },
  "Rayu": {
    "0": 0.88422649140546,
    "1": 1.2599483204134365,
    "2": 0.4930232558139535,
    "3": 0.7121447028423772,
    "4": 1.0408268733850128,
    "5": 1.3397371081900908,
    "6": 1.2593528816986856
  },
  "Singkong Keju": {
    "0": 1.1213384139080733,
    "1": 0.856330014224751,
    "2": 0.8832460109549892,
    "3": 0.9830912121933794,
    "4": 0.9139676113360323,
    "5": 1.297987616099071,
    "6": 0.9446892117170754
  },
  "Tahu Tuna": {
    "0": 1.0218321648185902,
    "1": 1.032101834816767,
    "2": 0.9088657948386455,
    "3": 0.8472477748495848,
    "4": 0.8677871148459383,
    "5": 1.1654687654687654,
    "6": 1.1552453552453552
  },
  "Taro Hot": {
    "0": 0.756428032790873,
    "1": 0.8506848652049755,
    "2": 1.18397431219441,
    "3": 0.7235398574521394,
    "4": 0.8550925588070739,